code_mission,direction,gare_depart,gare_destination,nb_arrets_mission
EGRE,Nord,Laplace,Aéroport Charles de Gaulle 2 (Terminal 2),19
PUMA,Sud,Aéroport Charles de Gaulle 2 (Terminal 2),Saint Rémy-lès-Chevreuse,39
PIER,Sud,Aéroport Charles de Gaulle 2 (Terminal 2),Saint Rémy-lès-Chevreuse,31
ILUS,Nord,Robinson,Mitry - Claye,24
INKE,Nord,Massy - Palaiseau,Mitry - Claye,28
KARI,Sud,Aéroport Charles de Gaulle 2 (Terminal 2),Massy - Palaiseau,21
ULMS,Sud,Aéroport Charles de Gaulle 2 (Terminal 2),Laplace,11
INCA,Nord,Massy - Verrières,Mitry - Claye,27
GEDO,Nord,Robinson,Aulnay-sous-Bois,20
KLEE,Sud,Mitry - Claye,Massy - Palaiseau,27
PROC,Sud,Aulnay-sous-Bois,Saint Rémy-lès-Chevreuse,26
SOME,Sud,Mitry - Claye,Robinson,24
EPAF,Nord,Saint-Rémy-lès-Chevreuse,Aéroport Charles de Gaulle 2 (Terminal 2),31
ELAN,Nord,Robinson,Aéroport Charles de Gaulle 2 (Terminal 2),25
EMMY,Nord,Orsay Ville,Aéroport Charles de Gaulle 2 (Terminal 2),32
EPIN,Nord,Saint-Rémy-lès-Chevreuse,Aéroport Charles de Gaulle 2 (Terminal 2),31
IRON,Nord,Massy - Palaiseau,Mitry - Claye,27
LOUP,Sud,Aéroport Charles de Gaulle 2 (Terminal 2),Orsay-Ville,32
ILOT,Nord,Robinson,Mitry - Claye,24
ERSE,Nord,Massy - Palaiseau,Aéroport Charles de Gaulle 2 (Terminal 2),21
IVAN,Nord,Saint-Rémy-lès-Chevreuse,Mitry - Claye,32
PLIC,Sud,Mitry - Claye,Saint Rémy-lès-Chevreuse,30
ELFE,Nord,Robinson,Aéroport Charles de Gaulle 2 (Terminal 2),25
KANE,Sud,Aéroport Charles de Gaulle 2 (Terminal 2),Massy - Palaiseau,21
EDME,Nord,Denfert-Rochereau,Aéroport Charles de Gaulle 2 (Terminal 2),8
IERE,Nord,Gare du Nord,Mitry - Claye,10
ELOI,Nord,Robinson,Aéroport Charles de Gaulle 2 (Terminal 2),25
KLAC,Sud,Mitry - Claye,Massy - Palaiseau,27
KALI,Sud,Aéroport Charles de Gaulle 2 (Terminal 2),Massy - Palaiseau,21
ECCO,Nord,Massy - Palaiseau,Aéroport Charles de Gaulle 2 (Terminal 2),29
ICOR,Nord,Saint-Rémy-lès-Chevreuse,Mitry - Claye,30
STOC,Sud,Villepinte,Robinson,22
ECCI,Nord,Massy - Palaiseau,Aéroport Charles de Gaulle 2 (Terminal 2),29
GONG,Nord,Saint-Rémy-lès-Chevreuse,Aulnay-sous-Bois,30
KERN,Sud,La Plaine Stade de France,Massy - Palaiseau,18
ERIO,Nord,Massy - Palaiseau,Aéroport Charles de Gaulle 2 (Terminal 2),21
EAST,Nord,Denfert-Rochereau,Aéroport Charles de Gaulle 2 (Terminal 2),16
PLAC,Sud,Mitry - Claye,Saint Rémy-lès-Chevreuse,30
SORI,Sud,Mitry - Claye,Robinson,24
STAR,Sud,Aéroport Charles de Gaulle 2 (Terminal 2),Robinson,25
GUAD,Nord,Massy - Palaiseau,Aulnay-sous-Bois,23
KAPE,Sud,Aéroport Charles de Gaulle 2 (Terminal 2),Massy - Palaiseau,21
SOSO,Sud,Mitry - Claye,Robinson,24
LORE,Sud,Aéroport Charles de Gaulle 2 (Terminal 2),Orsay-Ville,32
PINA,Sud,Aéroport Charles de Gaulle 2 (Terminal 2),Saint Rémy-lès-Chevreuse,31
ERIC,Nord,Massy - Palaiseau,Aéroport Charles de Gaulle 2 (Terminal 2),21
ISOL,Nord,Saint-Rémy-lès-Chevreuse,Mitry - Claye,34
EPAU,Nord,Saint-Rémy-lès-Chevreuse,Aéroport Charles de Gaulle 2 (Terminal 2),31
KFON,Sud,Mitry - Claye,Massy - Palaiseau,28
EEVE,Nord,La Plaine Stade de France,Aéroport Charles de Gaulle 2 (Terminal 2),10
PPIT,Sud,Mitry - Claye,Saint Rémy-lès-Chevreuse,34
RATP,Sud,Laplace,Orsay-Ville,13
LORD,Sud,Aéroport Charles de Gaulle 2 (Terminal 2),Orsay-Ville,32
GUIZ,Nord,Massy - Palaiseau,Aulnay-sous-Bois,23
GSOL,Nord,Massy - Palaiseau,Aulnay-sous-Bois,24
PQUL,Sud,Aéroport Charles de Gaulle 2 (Terminal 2),Saint Rémy-lès-Chevreuse,31
SOSI,Sud,Mitry - Claye,Robinson,24
PIGE,Sud,Aéroport Charles de Gaulle 2 (Terminal 2),Saint Rémy-lès-Chevreuse,31
KOCQ,Sud,Aéroport Charles de Gaulle 2 (Terminal 2),Massy - Palaiseau,29
PAGE,Sud,Mitry - Claye,Saint Rémy-lès-Chevreuse,31
IVIS,Nord,Saint-Rémy-lès-Chevreuse,Mitry - Claye,32
ILAN,Nord,Robinson,Mitry - Claye,24
KFAR,Sud,Aulnay-sous-Bois,Massy - Palaiseau,24
EMMA,Nord,Orsay Ville,Aéroport Charles de Gaulle 2 (Terminal 2),32
PGAZ,Sud,Mitry - Claye,Saint Rémy-lès-Chevreuse,32
PIST,Sud,Aéroport Charles de Gaulle 2 (Terminal 2),Saint Rémy-lès-Chevreuse,31
STIN,Sud,Aéroport Charles de Gaulle 2 (Terminal 2),Robinson,25
ICAR,Nord,Saint-Rémy-lès-Chevreuse,Mitry - Claye,30
IDOR,Nord,Saint-Rémy-lès-Chevreuse,Mitry - Claye,38
STRI,Sud,Aéroport Charles de Gaulle 2 (Terminal 2),Robinson,25
PAUL,Sud,Mitry - Claye,Saint Rémy-lès-Chevreuse,31
USER,Sud,Aéroport Charles de Gaulle 2 (Terminal 2),Laplace,19
IALE,Nord,Laplace,Mitry - Claye,18
IJUR,Nord,Saint-Rémy-lès-Chevreuse,Mitry - Claye,31
IRUS,Nord,Massy - Palaiseau,Mitry - Claye,27
EMIR,Nord,Orsay Ville,Aéroport Charles de Gaulle 2 (Terminal 2),32
